treatment,manager_slot,decision_number,pair_id,worker_1_is_a,assignment_seed
performance_only,1,1,279,1,20260714
performance_only,1,2,264,0,20260714
performance_only,1,3,47,0,20260714
performance_only,1,4,657,0,20260714
performance_only,1,5,354,1,20260714
performance_only,1,6,236,0,20260714
performance_only,1,7,692,1,20260714
performance_only,1,8,573,0,20260714
performance_only,1,9,62,0,20260714
performance_only,1,10,529,0,20260714
performance_only,1,11,136,0,20260714
performance_only,1,12,430,1,20260714
performance_only,1,13,569,0,20260714
performance_only,1,14,222,1,20260714
performance_only,1,15,451,1,20260714
performance_only,1,16,217,1,20260714
performance_only,1,17,485,1,20260714
performance_only,1,18,646,0,20260714
performance_only,1,19,499,0,20260714
performance_only,1,20,45,0,20260714
performance_only,1,21,350,0,20260714
performance_only,1,22,577,1,20260714
performance_only,1,23,501,1,20260714
performance_only,1,24,406,1,20260714
performance_only,1,25,691,0,20260714
performance_only,2,1,301,1,20260714
performance_only,2,2,681,0,20260714
performance_only,2,3,449,0,20260714
performance_only,2,4,124,0,20260714
performance_only,2,5,18,0,20260714
performance_only,2,6,34,1,20260714
performance_only,2,7,696,0,20260714
performance_only,2,8,552,1,20260714
performance_only,2,9,96,1,20260714
performance_only,2,10,660,0,20260714
performance_only,2,11,453,0,20260714
performance_only,2,12,409,1,20260714
performance_only,2,13,269,0,20260714
performance_only,2,14,328,0,20260714
performance_only,2,15,694,0,20260714
performance_only,2,16,390,1,20260714
performance_only,2,17,90,0,20260714
performance_only,2,18,337,0,20260714
performance_only,2,19,183,0,20260714
performance_only,2,20,229,0,20260714
performance_only,2,21,568,1,20260714
performance_only,2,22,284,1,20260714
performance_only,2,23,658,0,20260714
performance_only,2,24,509,1,20260714
performance_only,2,25,160,1,20260714
performance_only,3,1,238,1,20260714
performance_only,3,2,446,1,20260714
performance_only,3,3,572,1,20260714
performance_only,3,4,182,0,20260714
performance_only,3,5,55,1,20260714
performance_only,3,6,618,0,20260714
performance_only,3,7,329,0,20260714
performance_only,3,8,395,0,20260714
performance_only,3,9,516,0,20260714
performance_only,3,10,439,0,20260714
performance_only,3,11,543,1,20260714
performance_only,3,12,193,1,20260714
performance_only,3,13,634,0,20260714
performance_only,3,14,32,1,20260714
performance_only,3,15,432,1,20260714
performance_only,3,16,600,1,20260714
performance_only,3,17,475,1,20260714
performance_only,3,18,316,1,20260714
performance_only,3,19,593,0,20260714
performance_only,3,20,473,0,20260714
performance_only,3,21,622,0,20260714
performance_only,3,22,317,1,20260714
performance_only,3,23,368,1,20260714
performance_only,3,24,36,0,20260714
performance_only,3,25,196,1,20260714
performance_only,4,1,601,1,20260714
performance_only,4,2,612,0,20260714
performance_only,4,3,213,1,20260714
performance_only,4,4,412,0,20260714
performance_only,4,5,22,1,20260714
performance_only,4,6,447,0,20260714
performance_only,4,7,697,1,20260714
performance_only,4,8,253,1,20260714
performance_only,4,9,20,1,20260714
performance_only,4,10,389,0,20260714
performance_only,4,11,522,1,20260714
performance_only,4,12,434,0,20260714
performance_only,4,13,289,0,20260714
performance_only,4,14,261,0,20260714
performance_only,4,15,444,0,20260714
performance_only,4,16,358,1,20260714
performance_only,4,17,656,0,20260714
performance_only,4,18,459,0,20260714
performance_only,4,19,95,0,20260714
performance_only,4,20,408,1,20260714
performance_only,4,21,179,1,20260714
performance_only,4,22,411,1,20260714
performance_only,4,23,519,0,20260714
performance_only,4,24,244,1,20260714
performance_only,4,25,504,1,20260714
performance_only,5,1,257,0,20260714
performance_only,5,2,669,1,20260714
performance_only,5,3,483,0,20260714
performance_only,5,4,642,1,20260714
performance_only,5,5,327,0,20260714
performance_only,5,6,470,1,20260714
performance_only,5,7,445,0,20260714
performance_only,5,8,661,1,20260714
performance_only,5,9,550,1,20260714
performance_only,5,10,429,1,20260714
performance_only,5,11,52,1,20260714
performance_only,5,12,320,1,20260714
performance_only,5,13,97,1,20260714
performance_only,5,14,237,0,20260714
performance_only,5,15,302,1,20260714
performance_only,5,16,76,1,20260714
performance_only,5,17,391,1,20260714
performance_only,5,18,175,1,20260714
performance_only,5,19,1,0,20260714
performance_only,5,20,369,0,20260714
performance_only,5,21,433,0,20260714
performance_only,5,22,417,0,20260714
performance_only,5,23,81,0,20260714
performance_only,5,24,27,1,20260714
performance_only,5,25,248,0,20260714
performance_only,6,1,104,0,20260714
performance_only,6,2,255,1,20260714
performance_only,6,3,16,0,20260714
performance_only,6,4,668,1,20260714
performance_only,6,5,125,0,20260714
performance_only,6,6,93,1,20260714
performance_only,6,7,89,0,20260714
performance_only,6,8,385,1,20260714
performance_only,6,9,188,1,20260714
performance_only,6,10,607,0,20260714
performance_only,6,11,246,1,20260714
performance_only,6,12,359,0,20260714
performance_only,6,13,84,0,20260714
performance_only,6,14,494,1,20260714
performance_only,6,15,165,0,20260714
performance_only,6,16,351,0,20260714
performance_only,6,17,258,0,20260714
performance_only,6,18,698,1,20260714
performance_only,6,19,40,0,20260714
performance_only,6,20,180,1,20260714
performance_only,6,21,111,1,20260714
performance_only,6,22,580,0,20260714
performance_only,6,23,570,0,20260714
performance_only,6,24,13,0,20260714
performance_only,6,25,7,0,20260714
performance_only,7,1,184,1,20260714
performance_only,7,2,306,1,20260714
performance_only,7,3,436,1,20260714
performance_only,7,4,142,0,20260714
performance_only,7,5,533,0,20260714
performance_only,7,6,560,0,20260714
performance_only,7,7,665,1,20260714
performance_only,7,8,293,1,20260714
performance_only,7,9,6,1,20260714
performance_only,7,10,517,0,20260714
performance_only,7,11,129,1,20260714
performance_only,7,12,198,1,20260714
performance_only,7,13,381,0,20260714
performance_only,7,14,688,0,20260714
performance_only,7,15,505,0,20260714
performance_only,7,16,57,0,20260714
performance_only,7,17,625,0,20260714
performance_only,7,18,199,0,20260714
performance_only,7,19,116,0,20260714
performance_only,7,20,219,1,20260714
performance_only,7,21,659,0,20260714
performance_only,7,22,286,1,20260714
performance_only,7,23,105,0,20260714
performance_only,7,24,482,0,20260714
performance_only,7,25,585,0,20260714
performance_only,8,1,342,0,20260714
performance_only,8,2,82,0,20260714
performance_only,8,3,356,0,20260714
performance_only,8,4,492,0,20260714
performance_only,8,5,592,1,20260714
performance_only,8,6,380,0,20260714
performance_only,8,7,518,1,20260714
performance_only,8,8,644,1,20260714
performance_only,8,9,630,0,20260714
performance_only,8,10,512,1,20260714
performance_only,8,11,506,1,20260714
performance_only,8,12,167,0,20260714
performance_only,8,13,50,1,20260714
performance_only,8,14,29,1,20260714
performance_only,8,15,537,0,20260714
performance_only,8,16,41,1,20260714
performance_only,8,17,468,0,20260714
performance_only,8,18,426,1,20260714
performance_only,8,19,472,1,20260714
performance_only,8,20,74,1,20260714
performance_only,8,21,400,0,20260714
performance_only,8,22,39,0,20260714
performance_only,8,23,224,1,20260714
performance_only,8,24,641,1,20260714
performance_only,8,25,114,1,20260714
performance_only,9,1,315,1,20260714
performance_only,9,2,43,0,20260714
performance_only,9,3,414,0,20260714
performance_only,9,4,270,0,20260714
performance_only,9,5,623,0,20260714
performance_only,9,6,438,0,20260714
performance_only,9,7,215,0,20260714
performance_only,9,8,582,0,20260714
performance_only,9,9,526,0,20260714
performance_only,9,10,428,1,20260714
performance_only,9,11,134,0,20260714
performance_only,9,12,332,1,20260714
performance_only,9,13,112,0,20260714
performance_only,9,14,382,1,20260714
performance_only,9,15,152,1,20260714
performance_only,9,16,2,0,20260714
performance_only,9,17,274,1,20260714
performance_only,9,18,530,0,20260714
performance_only,9,19,245,1,20260714
performance_only,9,20,448,1,20260714
performance_only,9,21,477,0,20260714
performance_only,9,22,401,0,20260714
performance_only,9,23,466,1,20260714
performance_only,9,24,514,0,20260714
performance_only,9,25,91,1,20260714
performance_only,10,1,626,0,20260714
performance_only,10,2,276,1,20260714
performance_only,10,3,243,0,20260714
performance_only,10,4,109,1,20260714
performance_only,10,5,684,0,20260714
performance_only,10,6,532,0,20260714
performance_only,10,7,575,0,20260714
performance_only,10,8,42,0,20260714
performance_only,10,9,194,1,20260714
performance_only,10,10,678,0,20260714
performance_only,10,11,338,0,20260714
performance_only,10,12,547,1,20260714
performance_only,10,13,647,0,20260714
performance_only,10,14,578,1,20260714
performance_only,10,15,231,1,20260714
performance_only,10,16,66,1,20260714
performance_only,10,17,545,0,20260714
performance_only,10,18,563,0,20260714
performance_only,10,19,542,0,20260714
performance_only,10,20,486,1,20260714
performance_only,10,21,9,0,20260714
performance_only,10,22,423,1,20260714
performance_only,10,23,310,1,20260714
performance_only,10,24,265,1,20260714
performance_only,10,25,177,0,20260714
performance_only,11,1,407,1,20260714
performance_only,11,2,330,1,20260714
performance_only,11,3,527,1,20260714
performance_only,11,4,107,0,20260714
performance_only,11,5,63,0,20260714
performance_only,11,6,348,0,20260714
performance_only,11,7,548,1,20260714
performance_only,11,8,226,1,20260714
performance_only,11,9,689,0,20260714
performance_only,11,10,609,0,20260714
performance_only,11,11,521,1,20260714
performance_only,11,12,589,0,20260714
performance_only,11,13,250,0,20260714
performance_only,11,14,240,0,20260714
performance_only,11,15,495,1,20260714
performance_only,11,16,187,0,20260714
performance_only,11,17,700,1,20260714
performance_only,11,18,149,1,20260714
performance_only,11,19,252,1,20260714
performance_only,11,20,335,0,20260714
performance_only,11,21,221,0,20260714
performance_only,11,22,420,1,20260714
performance_only,11,23,78,1,20260714
performance_only,11,24,118,0,20260714
performance_only,11,25,611,1,20260714
performance_only,12,1,496,1,20260714
performance_only,12,2,131,1,20260714
performance_only,12,3,85,1,20260714
performance_only,12,4,171,1,20260714
performance_only,12,5,539,0,20260714
performance_only,12,6,232,1,20260714
performance_only,12,7,123,1,20260714
performance_only,12,8,239,0,20260714
performance_only,12,9,174,1,20260714
performance_only,12,10,341,0,20260714
performance_only,12,11,343,0,20260714
performance_only,12,12,333,1,20260714
performance_only,12,13,148,1,20260714
performance_only,12,14,392,0,20260714
performance_only,12,15,323,0,20260714
performance_only,12,16,435,1,20260714
performance_only,12,17,498,0,20260714
performance_only,12,18,562,0,20260714
performance_only,12,19,145,0,20260714
performance_only,12,20,28,1,20260714
performance_only,12,21,538,1,20260714
performance_only,12,22,256,0,20260714
performance_only,12,23,206,0,20260714
performance_only,12,24,46,0,20260714
performance_only,12,25,308,1,20260714
performance_only,13,1,528,1,20260714
performance_only,13,2,583,1,20260714
performance_only,13,3,670,1,20260714
performance_only,13,4,283,1,20260714
performance_only,13,5,653,0,20260714
performance_only,13,6,581,1,20260714
performance_only,13,7,520,0,20260714
performance_only,13,8,457,1,20260714
performance_only,13,9,138,0,20260714
performance_only,13,10,491,1,20260714
performance_only,13,11,367,1,20260714
performance_only,13,12,133,1,20260714
performance_only,13,13,394,1,20260714
performance_only,13,14,384,1,20260714
performance_only,13,15,69,0,20260714
performance_only,13,16,100,0,20260714
performance_only,13,17,360,1,20260714
performance_only,13,18,298,1,20260714
performance_only,13,19,108,1,20260714
performance_only,13,20,331,1,20260714
performance_only,13,21,262,1,20260714
performance_only,13,22,549,0,20260714
performance_only,13,23,374,1,20260714
performance_only,13,24,606,1,20260714
performance_only,13,25,594,0,20260714
performance_only,14,1,71,1,20260714
performance_only,14,2,410,1,20260714
performance_only,14,3,643,0,20260714
performance_only,14,4,377,0,20260714
performance_only,14,5,115,0,20260714
performance_only,14,6,413,1,20260714
performance_only,14,7,564,0,20260714
performance_only,14,8,396,0,20260714
performance_only,14,9,67,0,20260714
performance_only,14,10,336,0,20260714
performance_only,14,11,480,0,20260714
performance_only,14,12,424,1,20260714
performance_only,14,13,75,0,20260714
performance_only,14,14,211,0,20260714
performance_only,14,15,422,0,20260714
performance_only,14,16,347,1,20260714
performance_only,14,17,208,1,20260714
performance_only,14,18,271,0,20260714
performance_only,14,19,405,1,20260714
performance_only,14,20,431,0,20260714
performance_only,14,21,143,1,20260714
performance_only,14,22,25,1,20260714
performance_only,14,23,79,1,20260714
performance_only,14,24,58,1,20260714
performance_only,14,25,619,1,20260714
performance_and_help,1,1,604,0,20260714
performance_and_help,1,2,598,1,20260714
performance_and_help,1,3,651,0,20260714
performance_and_help,1,4,513,1,20260714
performance_and_help,1,5,281,1,20260714
performance_and_help,1,6,399,0,20260714
performance_and_help,1,7,675,0,20260714
performance_and_help,1,8,303,0,20260714
performance_and_help,1,9,398,1,20260714
performance_and_help,1,10,299,1,20260714
performance_and_help,1,11,416,1,20260714
performance_and_help,1,12,49,0,20260714
performance_and_help,1,13,635,0,20260714
performance_and_help,1,14,464,1,20260714
performance_and_help,1,15,4,1,20260714
performance_and_help,1,16,373,0,20260714
performance_and_help,1,17,233,0,20260714
performance_and_help,1,18,205,0,20260714
performance_and_help,1,19,484,0,20260714
performance_and_help,1,20,403,1,20260714
performance_and_help,1,21,300,0,20260714
performance_and_help,1,22,524,1,20260714
performance_and_help,1,23,23,1,20260714
performance_and_help,1,24,655,0,20260714
performance_and_help,1,25,176,0,20260714
performance_and_help,2,1,418,1,20260714
performance_and_help,2,2,266,1,20260714
performance_and_help,2,3,94,0,20260714
performance_and_help,2,4,304,1,20260714
performance_and_help,2,5,19,1,20260714
performance_and_help,2,6,677,1,20260714
performance_and_help,2,7,140,0,20260714
performance_and_help,2,8,227,1,20260714
performance_and_help,2,9,352,0,20260714
performance_and_help,2,10,260,0,20260714
performance_and_help,2,11,30,1,20260714
performance_and_help,2,12,113,0,20260714
performance_and_help,2,13,197,0,20260714
performance_and_help,2,14,201,0,20260714
performance_and_help,2,15,146,1,20260714
performance_and_help,2,16,318,0,20260714
performance_and_help,2,17,617,1,20260714
performance_and_help,2,18,566,0,20260714
performance_and_help,2,19,387,0,20260714
performance_and_help,2,20,334,0,20260714
performance_and_help,2,21,135,0,20260714
performance_and_help,2,22,340,1,20260714
performance_and_help,2,23,11,0,20260714
performance_and_help,2,24,141,1,20260714
performance_and_help,2,25,319,1,20260714
performance_and_help,3,1,551,1,20260714
performance_and_help,3,2,650,1,20260714
performance_and_help,3,3,388,0,20260714
performance_and_help,3,4,628,0,20260714
performance_and_help,3,5,126,0,20260714
performance_and_help,3,6,427,1,20260714
performance_and_help,3,7,541,1,20260714
performance_and_help,3,8,510,1,20260714
performance_and_help,3,9,355,1,20260714
performance_and_help,3,10,61,1,20260714
performance_and_help,3,11,195,0,20260714
performance_and_help,3,12,648,0,20260714
performance_and_help,3,13,476,1,20260714
performance_and_help,3,14,166,0,20260714
performance_and_help,3,15,203,0,20260714
performance_and_help,3,16,273,1,20260714
performance_and_help,3,17,576,1,20260714
performance_and_help,3,18,242,0,20260714
performance_and_help,3,19,637,1,20260714
performance_and_help,3,20,489,1,20260714
performance_and_help,3,21,488,1,20260714
performance_and_help,3,22,280,1,20260714
performance_and_help,3,23,150,1,20260714
performance_and_help,3,24,60,1,20260714
performance_and_help,3,25,595,0,20260714
performance_and_help,4,1,241,0,20260714
performance_and_help,4,2,558,1,20260714
performance_and_help,4,3,633,0,20260714
performance_and_help,4,4,437,1,20260714
performance_and_help,4,5,680,1,20260714
performance_and_help,4,6,676,1,20260714
performance_and_help,4,7,666,0,20260714
performance_and_help,4,8,627,1,20260714
performance_and_help,4,9,162,1,20260714
performance_and_help,4,10,591,0,20260714
performance_and_help,4,11,523,0,20260714
performance_and_help,4,12,440,0,20260714
performance_and_help,4,13,311,0,20260714
performance_and_help,4,14,110,0,20260714
performance_and_help,4,15,693,0,20260714
performance_and_help,4,16,375,0,20260714
performance_and_help,4,17,364,1,20260714
performance_and_help,4,18,278,1,20260714
performance_and_help,4,19,172,1,20260714
performance_and_help,4,20,103,0,20260714
performance_and_help,4,21,127,0,20260714
performance_and_help,4,22,218,0,20260714
performance_and_help,4,23,645,1,20260714
performance_and_help,4,24,234,1,20260714
performance_and_help,4,25,33,0,20260714
performance_and_help,5,1,624,0,20260714
performance_and_help,5,2,295,1,20260714
performance_and_help,5,3,404,1,20260714
performance_and_help,5,4,344,1,20260714
performance_and_help,5,5,567,0,20260714
performance_and_help,5,6,21,1,20260714
performance_and_help,5,7,202,1,20260714
performance_and_help,5,8,463,1,20260714
performance_and_help,5,9,132,0,20260714
performance_and_help,5,10,649,1,20260714
performance_and_help,5,11,443,0,20260714
performance_and_help,5,12,290,0,20260714
performance_and_help,5,13,225,0,20260714
performance_and_help,5,14,679,1,20260714
performance_and_help,5,15,503,0,20260714
performance_and_help,5,16,554,1,20260714
performance_and_help,5,17,263,0,20260714
performance_and_help,5,18,667,0,20260714
performance_and_help,5,19,664,1,20260714
performance_and_help,5,20,458,0,20260714
performance_and_help,5,21,214,1,20260714
performance_and_help,5,22,14,1,20260714
performance_and_help,5,23,164,1,20260714
performance_and_help,5,24,531,1,20260714
performance_and_help,5,25,157,0,20260714
performance_and_help,6,1,571,1,20260714
performance_and_help,6,2,322,0,20260714
performance_and_help,6,3,535,1,20260714
performance_and_help,6,4,663,0,20260714
performance_and_help,6,5,44,0,20260714
performance_and_help,6,6,383,1,20260714
performance_and_help,6,7,469,1,20260714
performance_and_help,6,8,455,0,20260714
performance_and_help,6,9,326,0,20260714
performance_and_help,6,10,144,1,20260714
performance_and_help,6,11,204,0,20260714
performance_and_help,6,12,478,1,20260714
performance_and_help,6,13,53,1,20260714
performance_and_help,6,14,613,0,20260714
performance_and_help,6,15,579,1,20260714
performance_and_help,6,16,690,1,20260714
performance_and_help,6,17,56,0,20260714
performance_and_help,6,18,186,1,20260714
performance_and_help,6,19,83,1,20260714
performance_and_help,6,20,557,1,20260714
performance_and_help,6,21,168,0,20260714
performance_and_help,6,22,324,1,20260714
performance_and_help,6,23,353,1,20260714
performance_and_help,6,24,161,1,20260714
performance_and_help,6,25,170,0,20260714
performance_and_help,7,1,493,1,20260714
performance_and_help,7,2,220,1,20260714
performance_and_help,7,3,590,1,20260714
performance_and_help,7,4,64,0,20260714
performance_and_help,7,5,474,0,20260714
performance_and_help,7,6,339,0,20260714
performance_and_help,7,7,228,1,20260714
performance_and_help,7,8,502,0,20260714
performance_and_help,7,9,610,0,20260714
performance_and_help,7,10,450,1,20260714
performance_and_help,7,11,35,1,20260714
performance_and_help,7,12,386,0,20260714
performance_and_help,7,13,216,0,20260714
performance_and_help,7,14,137,0,20260714
performance_and_help,7,15,212,1,20260714
performance_and_help,7,16,421,0,20260714
performance_and_help,7,17,5,0,20260714
performance_and_help,7,18,587,1,20260714
performance_and_help,7,19,599,0,20260714
performance_and_help,7,20,574,0,20260714
performance_and_help,7,21,632,0,20260714
performance_and_help,7,22,614,0,20260714
performance_and_help,7,23,230,0,20260714
performance_and_help,7,24,268,1,20260714
performance_and_help,7,25,673,1,20260714
performance_and_help,8,1,454,1,20260714
performance_and_help,8,2,173,1,20260714
performance_and_help,8,3,507,1,20260714
performance_and_help,8,4,452,0,20260714
performance_and_help,8,5,8,1,20260714
performance_and_help,8,6,365,1,20260714
performance_and_help,8,7,121,0,20260714
performance_and_help,8,8,77,1,20260714
performance_and_help,8,9,695,0,20260714
performance_and_help,8,10,687,1,20260714
performance_and_help,8,11,596,1,20260714
performance_and_help,8,12,460,0,20260714
performance_and_help,8,13,363,1,20260714
performance_and_help,8,14,321,1,20260714
performance_and_help,8,15,153,1,20260714
performance_and_help,8,16,288,1,20260714
performance_and_help,8,17,86,1,20260714
performance_and_help,8,18,209,1,20260714
performance_and_help,8,19,603,0,20260714
performance_and_help,8,20,267,0,20260714
performance_and_help,8,21,314,1,20260714
performance_and_help,8,22,699,1,20260714
performance_and_help,8,23,122,1,20260714
performance_and_help,8,24,178,0,20260714
performance_and_help,8,25,553,1,20260714
performance_and_help,9,1,441,0,20260714
performance_and_help,9,2,119,0,20260714
performance_and_help,9,3,87,0,20260714
performance_and_help,9,4,636,0,20260714
performance_and_help,9,5,442,1,20260714
performance_and_help,9,6,682,0,20260714
performance_and_help,9,7,602,0,20260714
performance_and_help,9,8,605,1,20260714
performance_and_help,9,9,154,1,20260714
performance_and_help,9,10,12,0,20260714
performance_and_help,9,11,189,1,20260714
performance_and_help,9,12,159,0,20260714
performance_and_help,9,13,515,0,20260714
performance_and_help,9,14,371,0,20260714
performance_and_help,9,15,629,1,20260714
performance_and_help,9,16,37,0,20260714
performance_and_help,9,17,683,1,20260714
performance_and_help,9,18,272,1,20260714
performance_and_help,9,19,546,0,20260714
performance_and_help,9,20,461,0,20260714
performance_and_help,9,21,155,0,20260714
performance_and_help,9,22,361,1,20260714
performance_and_help,9,23,686,1,20260714
performance_and_help,9,24,376,1,20260714
performance_and_help,9,25,639,0,20260714
performance_and_help,10,1,525,1,20260714
performance_and_help,10,2,297,1,20260714
performance_and_help,10,3,654,0,20260714
performance_and_help,10,4,640,1,20260714
performance_and_help,10,5,672,1,20260714
performance_and_help,10,6,608,1,20260714
performance_and_help,10,7,379,0,20260714
performance_and_help,10,8,210,0,20260714
performance_and_help,10,9,631,0,20260714
performance_and_help,10,10,128,1,20260714
performance_and_help,10,11,305,0,20260714
performance_and_help,10,12,98,0,20260714
performance_and_help,10,13,235,0,20260714
performance_and_help,10,14,685,1,20260714
performance_and_help,10,15,59,0,20260714
performance_and_help,10,16,259,1,20260714
performance_and_help,10,17,249,0,20260714
performance_and_help,10,18,3,0,20260714
performance_and_help,10,19,662,0,20260714
performance_and_help,10,20,247,1,20260714
performance_and_help,10,21,544,1,20260714
performance_and_help,10,22,419,1,20260714
performance_and_help,10,23,287,0,20260714
performance_and_help,10,24,586,0,20260714
performance_and_help,10,25,487,1,20260714
performance_and_help,11,1,349,1,20260714
performance_and_help,11,2,393,1,20260714
performance_and_help,11,3,402,1,20260714
performance_and_help,11,4,497,1,20260714
performance_and_help,11,5,254,1,20260714
performance_and_help,11,6,26,0,20260714
performance_and_help,11,7,481,0,20260714
performance_and_help,11,8,511,0,20260714
performance_and_help,11,9,223,0,20260714
performance_and_help,11,10,370,1,20260714
performance_and_help,11,11,652,0,20260714
performance_and_help,11,12,378,0,20260714
performance_and_help,11,13,190,0,20260714
performance_and_help,11,14,500,0,20260714
performance_and_help,11,15,536,0,20260714
performance_and_help,11,16,671,0,20260714
performance_and_help,11,17,362,1,20260714
performance_and_help,11,18,456,0,20260714
performance_and_help,11,19,467,0,20260714
performance_and_help,11,20,207,0,20260714
performance_and_help,11,21,325,1,20260714
performance_and_help,11,22,130,1,20260714
performance_and_help,11,23,185,0,20260714
performance_and_help,11,24,15,0,20260714
performance_and_help,11,25,357,1,20260714
performance_and_help,12,1,471,0,20260714
performance_and_help,12,2,48,1,20260714
performance_and_help,12,3,285,1,20260714
performance_and_help,12,4,99,1,20260714
performance_and_help,12,5,296,0,20260714
performance_and_help,12,6,292,1,20260714
performance_and_help,12,7,555,1,20260714
performance_and_help,12,8,597,1,20260714
performance_and_help,12,9,465,1,20260714
performance_and_help,12,10,163,0,20260714
performance_and_help,12,11,540,1,20260714
performance_and_help,12,12,275,1,20260714
performance_and_help,12,13,68,0,20260714
performance_and_help,12,14,158,0,20260714
performance_and_help,12,15,10,1,20260714
performance_and_help,12,16,17,0,20260714
performance_and_help,12,17,307,1,20260714
performance_and_help,12,18,92,1,20260714
performance_and_help,12,19,559,0,20260714
performance_and_help,12,20,534,0,20260714
performance_and_help,12,21,102,0,20260714
performance_and_help,12,22,139,1,20260714
performance_and_help,12,23,151,1,20260714
performance_and_help,12,24,415,1,20260714
performance_and_help,12,25,169,1,20260714
performance_and_help,13,1,366,1,20260714
performance_and_help,13,2,291,0,20260714
performance_and_help,13,3,73,1,20260714
performance_and_help,13,4,425,1,20260714
performance_and_help,13,5,312,1,20260714
performance_and_help,13,6,397,0,20260714
performance_and_help,13,7,345,1,20260714
performance_and_help,13,8,584,1,20260714
performance_and_help,13,9,313,1,20260714
performance_and_help,13,10,31,0,20260714
performance_and_help,13,11,621,1,20260714
performance_and_help,13,12,277,0,20260714
performance_and_help,13,13,565,0,20260714
performance_and_help,13,14,674,1,20260714
performance_and_help,13,15,70,1,20260714
performance_and_help,13,16,251,0,20260714
performance_and_help,13,17,508,1,20260714
performance_and_help,13,18,620,0,20260714
performance_and_help,13,19,120,1,20260714
performance_and_help,13,20,117,1,20260714
performance_and_help,13,21,106,1,20260714
performance_and_help,13,22,561,1,20260714
performance_and_help,13,23,282,0,20260714
performance_and_help,13,24,615,0,20260714
performance_and_help,13,25,490,0,20260714
performance_and_help,14,1,372,0,20260714
performance_and_help,14,2,72,1,20260714
performance_and_help,14,3,80,1,20260714
performance_and_help,14,4,462,0,20260714
performance_and_help,14,5,38,0,20260714
performance_and_help,14,6,147,1,20260714
performance_and_help,14,7,556,1,20260714
performance_and_help,14,8,88,1,20260714
performance_and_help,14,9,309,0,20260714
performance_and_help,14,10,200,0,20260714
performance_and_help,14,11,588,1,20260714
performance_and_help,14,12,638,1,20260714
performance_and_help,14,13,181,0,20260714
performance_and_help,14,14,616,1,20260714
performance_and_help,14,15,346,0,20260714
performance_and_help,14,16,156,1,20260714
performance_and_help,14,17,294,0,20260714
performance_and_help,14,18,24,0,20260714
performance_and_help,14,19,51,0,20260714
performance_and_help,14,20,191,1,20260714
performance_and_help,14,21,479,0,20260714
performance_and_help,14,22,192,0,20260714
performance_and_help,14,23,54,1,20260714
performance_and_help,14,24,65,0,20260714
performance_and_help,14,25,101,0,20260714
